pid,ticks,elapsed_ms,wif,address
58912,639252050337488455,554.5,5Jo89TuR72WNAVKEdrxV5KqfMTrUn71LXT8wcLoqi8TCiXi56u2,1P81hKZQPkojTuhhoDs1W1bK3wnUq5dQTd
48904,639252050337015694,491.5,5JmLn2KuLU5paHY8nTLvoHf2bMkfgWMAYiz19eJsaT3xaPYoF1o,14HyLPEPX9ThahP5e7G5JpkDm1DTCpRUxX
44584,639252050338121524,587.5,5KfvxrPNziyD3UNspZAff5h9NB3rR9CQryBLfVgb3rqG4Ku4TeU,1814eFyL871vxSLYmjXaa3PAUQNGKZsX7D
23576,639252050338963830,627.4,5JtArQ2PPo3LrSUWiWYvVLhWDEYxQh12S4KT249QVg9eoDazoSW,15mYjb4GSTGDwBwcdGsHYsnkhmxA6mPgM9
53384,639252050343348348,517.2,5JJCobQ2SkRXStZj8TEtkFmn4jM4yPXVK59KLHp3rSoUWmLhe1F,1LwA54WccPV82xAJKGn8qY6wTVknvfmv6y
43092,639252050343398463,457.6,5KMR5ZSjFyt8DSR5YPdtebNajyx5QaaqW6GrtSTkbdZ9CcNSrJf,143UKeXvGd1W5RXG6nKswhXudNhHNt2Rtb
58924,639252050345084867,578.2,5J5vevLJGCZy71jhawsCst75mJvQA4bEiyp5tBYMQgmUTZC73Jg,13QsAEZxWSm7L2iuyv8VikkHa2feZ7t2af
57124,639252050345561723,557.4,5KjKmkqqSwPjo3J2D7jvjFCHHbrfcR3bVgGxP6Qq19U5q6UvyKk,13QKHxB4M1qpDD3j9NWUKMjbjpinytXps4
59908,639252050349939755,577.6,5JmFcHLRviYx9oESssEyB6WaLCGnb1CFVCdW3UVGCUJZbAiYzSx,18S4vKK9qhef3x8diJKK23v2oXkwtfS1ny
34184,639252050350160651,592.7,5KDjiXebcGKNGoCje6XpH7bM7mj81Fj19SFa8sePoPEYnHzdnHx,1BeCkksxjRhe51V8Zg1V2NCPkYUkSK13YS
