pid,ticks,elapsed_ms,hex32
35872,639251815126388809,6848.7,BBA6C55B2718AF5B43AC1C70615C07A8F88526A0674D24DD5006458F6F718A42
6368,639251815125596459,6905.6,90027AB4B1233DBE8820EE97FB51720430A47F6E31C2A66586548B44FDA81DA0
59240,639251815126388809,6840.2,A335B0A7252ECD3B14E2B9A426B68D95B79A6D7CA1E558CB96E5769FAFDFD768
51860,639251815126546321,6809.4,1095D918BF0570D44A913A89C41A2D304B8A1D73A33C2B0B2D57F8B68A6A7642
11360,639251815134755956,12204.5,9ED4394077A2F7181E25614012C46CC989CEE00EA35A5838DD316D546520DD97
10300,639251815139949359,13384.4,EC5A7516B76ED8455F9F5D70316E0C0CDD19E6DFA072349DFDDFEBBAF7EA924D
42744,639251815149883509,15771.2,472E37936DAF403D740AF794DC234D9ECB20FAAA3DBA8D1AC707D9D31FBB613E
56812,639251815154822134,17170.2,B0B9E7044D75380926F2E7C801C80D34758C206175582808F0412C13CF56B597
4732,639251815164901546,19478.7,83C95DC67C5154DCB8C0CB9E078F58BCA1324E3A6D735612AE16C5BBBB14D136
32756,639251815174839998,20573.3,EF75D7D7B2EE09B5DD112DCF10B66D847606126DCED8C3E3E6B04F816E2083DB
